TICKER;PRECO;ULTIMO DIVIDENDO;DY;VALOR PATRIMONIAL COTA;P/VP;LIQUIDEZ MEDIA DIARIA;PERCENTUAL EM CAIXA;CAGR DIVIDENDOS 3 ANOS; CAGR VALOR CORA 3 ANOS;PATRIMONIO;N COTISTAS;GESTAO; N COTAS
ABCP11;76,05;0,500000;8,72;107,67;0,71;60.700,05;2,04;0,51;14,97;507.004.106,39;14.920,00;Passiva;4.709.082,00
AFHI11;91,53;0,990000;12,50;93,20;0,98;651.798,09;4,41;-5,88;10,72;424.592.667,11;42.402,00;Ativa;4.555.618,00
AIEC11;45,52;0,320000;16,76;77,75;0,59;225.894,32;7,36;-5,07;-4,57;375.121.034,47;17.677,00;Ativa;4.824.987,00
AJFI11;7,35;0,070000;11,11;12,16;0,60;919.408,23;0,90;;;384.656.303,67;13.137,00;Ativa;31.625.978,00
ALMI11;537,37;1,990255;6,60;2.105,17;0,26;27.792,95;4,09;;-16,07;234.046.025,93;2.002,00;Passiva;111.177,00
ALZC11;78,40;1,547500;16,24;63,81;1,23;708.307,23;3,50;;;118.155.565,38;8.102,00;;1.851.786,00
ALZM11;6,32;0,080000;12,03;7,46;0,85;0,00;3,80;-6,90;-59,39;113.203.496,22;12.195,00;Ativa;15.180.540,00
ALZR11;97,44;0,815500;9,47;104,05;0,94;2.416.373,95;7,21;-13,58;5,90;1.272.157.932,15;152.691,00;Ativa;12.226.625,00
ANCR11B;3.221,00;2,019821;1,43;110,12;29,25;;2,02;;;2.943.955.622,41;175,00;Ativa;26.735.046,00
APTO11;8,43;0,090000;12,81;9,71;0,87;11.133,00;8,17;-5,75;5,94;44.779.639,25;8.711,00;Ativa;4.612.227,00
APXM11;88,00;0,437284;6,09;123,44;0,71;364.987,95;0,98;;;349.217.182,13;624,00;;2.829.142,00
APXR11;99,50;;0,00;78,67;1,26;22,64;0,09;;;8.619.681,42;140,00;;109.567,00
APXU11;0,00;;0,00;88,62;;;30,39;;;8.999.071,71;40,00;Ativa;101.542,00
AQLL11;385,03;;0,00;933,58;0,41;;0,02;;;136.132.544,06;83,00;Ativa;145.817,00
ARFI11B;479,99;;0,00;63,81;7,52;;3,50;;;118.155.565,38;8.102,00;;1.851.786,00
AROA11;0,98;0,006300;7,55;0,95;1,03;6.362,91;1,37;;;160.335.085,64;4.097,00;Ativa;161.567,00
ARRI11;7,39;0,090000;15,43;8,46;0,87;204.393,77;2,41;-7,67;5,74;175.272.963,62;24.355,00;Ativa;20.726.973,00
ARXD11;7,30;0,095000;16,62;9,22;0,79;161.121,36;4,57;;;83.084.798,63;1.535,00;Ativa;9.011.170,00
ASMT11;37,98;0,770000;0,00;94,41;0,40;12.164,86;6,08;;-24,56;102.079.817,71;1,00;;1.081.257,00
ASRF11;10.888,00;256,328699;0,00;9.727,55;1,12;0,00;30,41;;;38.910.201,49;68,00;Ativa;4.000,00
ATCR11;0,00;4,056453;0,00;70,75;;;0,63;;;65.721.279,99;33,00;Ativa;928.908,00
ATSA11;50,00;0,120000;4,74;76,16;0,66;390,41;1,53;20,92;-16,45;133.358.919,69;305,00;Passiva;1.751.141,00
ATWN11;0,00;;0,00;2.077,75;;;0,99;;;334.013.515,11;2,00;Ativa;160.757,00
AURB11;72,80;0,200000;0,00;72,80;1,00;4.311,27;3,79;;;65.408.945,40;20,00;Ativa;898.514,00
AZPE11;0,00;0,277000;0,00;10,37;;;1,33;;;129.678.748,67;2,00;Ativa;12.500.000,00
AZPL11;7,17;0,090000;10,17;9,79;0,73;982.088,77;0,97;;;178.202.361,37;1,00;Ativa;18.209.646,00
BARI11;73,00;0,950000;13,64;91,26;0,80;412.206,23;5,25;-8,97;1,99;422.905.422,31;35.633,00;Ativa;4.634.191,00
BBFI11;298,00;100,414494;63,08;708,92;0,42;29.842,64;32,01;1,24;-47,04;92.159.364,34;6.544,00;Passiva;130.000,00
BBFO11;60,91;0,690000;12,95;73,71;0,83;327.098,68;0,20;-3,86;5,63;295.109.143,55;6.863,00;Passiva;4.003.900,00
BBIG11;6,97;0,080000;13,19;9,54;0,73;731.636,82;29,89;;;945.852.548,73;29.926,00;Ativa;99.120.994,00
BBIM11;0,00;0,340000;0,00;0,00;;;;-24,05;;0,00;0,00;Ativa;0,00
BBRC11;104,09;1,080000;12,65;104,73;0,99;56.834,14;5,63;3,50;15,44;166.519.256,83;9.158,00;Passiva;1.590.000,00
BCFF11;7,28;0,070000;6,73;8,76;0,83;0,00;6,73;1,07;-2,81;1.766.025.679,12;351.688,00;Ativa;201.491.024,00
BCIA11;82,58;0,840000;12,56;96,86;0,85;366.320,05;0,67;4,72;9,76;360.241.044,49;24.221,00;Ativa;3.719.038,00
BCRI11;65,25;0,760000;14,45;84,70;0,77;363.051,09;5,75;-10,29;-3,72;530.042.757,02;43.146,00;Ativa;6.257.873,00
BETW11;0,00;0,462963;0,00;105,15;;;0,31;;;263.355.773,41;1,00;;2.504.500,00
BGRB11;99,90;0,350000;3,02;92,82;1,08;22.493,59;4,37;;;139.279.085,78;259,00;Ativa;1.500.500,00
BICE11;895,43;3,570000;9,07;1.034,76;0,87;69.518,27;3,98;;;138.051.856,93;120,00;Ativa;133.414,00
BICR11;35,92;0,363000;5,83;41,61;0,86;39,27;3,33;-18,17;-25,03;20.805.910,51;641,00;Ativa;500.000,00
BIME11;6,87;0,090000;15,01;8,26;0,83;77.467,05;0,31;-5,97;5,32;48.296.868,97;8.464,00;Ativa;5.845.602,00
BIPD11;915,10;73,070000;7,98;990,98;0,92;0,00;4,85;;;109.443.322,69;111,00;Ativa;110.439,00
BIPE11;1.000,00;;0,00;974,50;1,03;90,91;11,69;;;31.729.680,91;103,00;Ativa;32.560,00
BLCA11;97,50;0,500000;6,72;132,66;0,74;33.959,36;3,41;-2,83;12,38;212.249.938,29;482,00;Ativa;1.600.000,00
BLCP11;91,00;0,563428;0,00;63,81;1,43;;3,50;;2,10;118.155.565,38;8.102,00;;1.851.786,00
BLMC11;85,75;1,070000;0,00;63,81;1,34;;3,50;-0,67;-4,50;118.155.565,38;8.102,00;;1.851.786,00
BLMG11;32,91;0,350000;12,00;70,55;0,47;370.935,95;3,28;-18,12;-15,70;301.157.029,45;13.467,00;Ativa;4.268.807,00
BLMO11;79,99;0,460000;6,76;105,32;0,76;14.579,00;2,88;-75,67;-0,31;104.770.196,79;346,00;Ativa;994.814,00
BLMR11;6,78;0,053000;0,00;63,81;0,11;;3,50;;-1,98;118.155.565,38;8.102,00;;1.851.786,00
BLOG11;10,38;0,040000;7,31;11,19;0,93;473,36;0,01;;;317.968.266,47;64,00;Ativa;28.408.929,00
BLUR11;68,11;0,500000;12,49;73,61;0,93;1.433,36;8,04;-14,82;-3,48;6.625.198,12;1,00;Ativa;90.000,00
BMII11;0,00;0,228341;0,00;454,06;;;0,27;;;34.190.505,41;24,00;Ativa;75.300,00
BMLC11;96,04;0,700000;9,00;112,64;0,85;1.270.932,55;5,09;-1,93;16,09;112.458.197,95;1.340,00;Ativa;998.405,00
BNFS11;70,26;1,067278;21,46;77,72;0,90;120.975,50;7,22;-4,68;-3,02;54.402.221,90;5.793,00;Ativa;700.000,00
BPFF11;57,62;0,620000;12,77;69,74;0,83;161.689,09;4,25;-3,02;8,34;313.292.654,59;20.843,00;Ativa;4.492.326,00
BPLC11;0,00;14,420464;0,00;10.109,66;;;0,81;;;323.509.063,61;114,00;Passiva;32.000,00
BPML11;78,80;1,070000;16,21;130,97;0,60;1.364.269,27;22,38;43,35;12,04;974.638.097,96;5.406,00;Ativa;7.441.745,00
BPRP11;107,50;0,925000;4,30;125,57;0,86;1.270,45;0,19;2,64;2,73;169.496.975,27;171,00;Passiva;1.349.837,00
BRCO11;106,50;0,870000;9,80;118,34;0,90;2.584.532,64;9,33;9,28;11,91;1.882.284.494,93;118.309,00;Ativa;15.905.133,00
BRCR11;40,39;0,450000;14,56;86,82;0,47;1.273.959,18;0,69;1,16;-5,75;2.312.843.296,53;125.898,00;Ativa;26.638.202,00
BREV11;105,00;0,580000;0,00;63,81;1,65;169.316,64;3,50;8,81;3,39;118.155.565,38;8.102,00;;1.851.786,00
BRHT11B;86,80;;0,00;63,82;1,36;;1,37;;;117.536.615,69;11,00;Ativa;1.841.677,00
BRIM11;559,95;48,330000;41,21;454,50;1,23;15.443,32;25,30;;;56.420.825,39;558,00;Ativa;124.137,00
BRIP11;900,00;32,540000;42,07;730,97;1,23;22.344,55;5,59;;16,57;157.506.611,07;404,00;Ativa;215.475,00
BRIX11;1.673,35;;0,00;1.043,84;1,60;0,00;8,75;;;123.941.414,22;102,00;Ativa;118.735,00
BROF11;48,31;0,590000;12,55;109,49;0,44;317.466,50;0,41;;;1.271.282.004,34;9.467,00;;11.610.812,00
BROL11;0,00;;0,00;63,81;;;3,50;;;118.155.565,38;8.102,00;;1.851.786,00
BRSE11;0,00;;0,00;4.954,91;;;3,53;;;9.909.826,17;12,00;Ativa;2.000,00
BTAL11;76,00;0,840000;13,26;111,54;0,68;544.160,73;3,11;0,40;2,30;667.296.194,63;39.881,00;Ativa;5.982.736,00
BTCI11;9,03;0,094000;12,27;9,99;0,90;1.308.194,41;3,58;-5,75;9,92;994.700.510,87;188.924,00;Ativa;99.521.172,00
BTCR11;88,00;0,900000;0,00;63,81;1,38;207.690,18;3,50;32,78;-2,72;118.155.565,38;8.102,00;;1.851.786,00
BTHF11;7,79;0,092000;7,28;10,16;0,77;3.204.676,27;8,71;;;2.092.241.998,90;325.076,00;Ativa;205.846.940,00
BTHI11;39,50;0,240000;10,32;68,54;0,58;14.686,77;1,87;-25,82;-18,43;631.829.931,62;1.341,00;Ativa;9.218.512,00
BTHI12;45,00;0,560000;0,00;68,54;0,66;;1,87;;4,89;631.829.931,62;1.341,00;Ativa;9.218.512,00
BTLG11;100,03;0,780000;9,37;103,99;0,96;6.638.567,77;12,90;1,65;8,54;4.497.510.230,55;381.638,00;Ativa;43.249.151,00
BTML11;101,37;0,880000;10,45;115,37;0,88;0,00;4,27;;;130.966.273,90;1,00;Ativa;1.135.160,00
BTRA11;56,20;0,300000;6,76;111,26;0,51;239.926,64;13,84;-27,46;-9,09;374.327.514,83;13.097,00;Ativa;3.364.559,00
BTSG11;158,10;0,950000;7,15;152,02;1,04;0,00;0,78;3,64;;117.814.221,77;108,00;Ativa;775.015,00
BTSI11;111,60;0,780000;8,13;117,74;0,95;913,09;0,05;;;625.681.996,88;187,00;Ativa;5.314.092,00
BTWR11;105,49;0,600000;6,84;114,09;0,92;0,00;0,76;10,27;1,60;92.333.445,77;139,00;Ativa;809.269,00
BTYU11;10,20;0,081300;13,25;10,24;1,00;588,41;9,21;;;307.336.741,34;237,00;Ativa;30.000.000,00
BVAR11;1.400,00;3,600000;6,22;797,30;1,76;63,64;0,42;-23,63;;498.744.636,86;131,00;Passiva;625.540,00
BZEL11;0,00;5,092421;0,00;145,38;;;0,16;;;514.375.692,72;3,00;Ativa;3.538.046,00
BZLI11;19,78;;0,00;18,21;1,09;;0,08;;6,21;796.178.722,97;17,00;Ativa;43.733.486,00
CACR11;95,20;1,330000;16,92;95,14;1,00;997.287,18;10,94;-2,72;14,30;460.113.085,20;1,00;Ativa;4.836.324,00
CARE11;1,35;0,008385;0,00;7,00;0,19;6.551,77;1,99;;-30,95;250.314.382,57;11.607,00;Ativa;35.769.919,00
CBOP11;24,51;0,100000;4,41;67,42;0,36;44.765,36;1,68;-43,35;-22,23;95.399.410,18;2.375,00;Passiva;1.415.000,00
CCLB11;0,00;;0,00;63,81;;;3,50;;;118.155.565,38;8.102,00;;1.851.786,00
CCME11;8,91;0,084000;10,93;10,27;0,87;168.915,59;6,34;;;696.589.687,37;7.879,00;;67.797.053,00
CCRF11;92,50;0,632531;0,00;63,81;1,45;;3,50;;-2,23;118.155.565,38;8.102,00;;1.851.786,00
CCVA11;98,97;0,470000;4,89;97,59;1,01;0,00;0,48;;;60.259.595,70;1,00;;617.500,00
CENU11;100,00;;0,00;98,18;1,02;0,00;2,35;;;111.900.347,64;16,00;Ativa;1.139.780,00
CEOC11;39,34;0,450000;13,49;72,99;0,54;40.927,91;2,45;-6,64;-3,02;132.530.732,11;4.223,00;Passiva;1.815.696,00
CFHI11;626,20;11,100000;4,01;519,33;1,21;0,00;6,63;;;49.128.527,06;101,00;Ativa;94.600,00
CFII11;952,60;10,500000;14,31;1.187,77;0,80;0,00;9,89;;;150.037.669,84;113,00;Ativa;126.319,00
CIXM11;9,04;0,150000;11,17;37,57;0,24;220.499,50;0,25;;;230.221.033,86;108,00;Ativa;6.127.180,00
CIXR11;0,00;;0,00;63,81;;;3,50;;;118.155.565,38;8.102,00;;1.851.786,00
CJCT11;55,00;0,150000;2,75;72,92;0,75;6.774,95;0,78;-1,77;-0,81;228.978.011,47;909,00;Passiva;3.140.000,00
CJFI11;0,00;;0,00;63,81;;;3,50;;;118.155.565,38;8.102,00;;1.851.786,00
CLIN11;86,69;1,100000;13,72;96,80;0,90;679.710,27;4,60;;;420.746.984,46;11.412,00;Ativa;4.346.763,00
CNES11;1,03;0,007105;8,78;7,57;0,14;59.377,77;5,17;-7,53;-24,15;258.486.185,01;97.353,00;Ativa;34.134.825,00
COPP11;103,00;0,750000;0,00;109,85;0,94;;0,70;;;487.627.077,40;126,00;Ativa;4.439.072,00
CPFF11;69,90;0,500000;7,90;73,10;0,96;0,00;0,07;-0,91;9,06;186.618.160,07;6.950,00;Ativa;2.553.074,00
CPFO11;0,00;;0,00;63,81;;;3,50;;;118.155.565,38;8.102,00;;1.851.786,00
CPLG11;11,08;0,100000;6,60;9,86;1,12;1.206.835,32;0,84;;;338.793.045,26;558,00;Ativa;34.345.220,00
CPOF11;107,92;0,600000;8,40;109,85;0,98;8.243.604,05;0,70;;;487.627.077,40;126,00;Ativa;4.439.072,00
CPSH11;9,01;0,100000;13,37;11,87;0,76;1.647.274,27;0,12;;;945.700.503,06;18.315,00;Ativa;79.699.818,00
CPTS11;7,32;0,082000;12,54;8,74;0,84;8.087.798,68;1,16;-4,59;2,99;2.777.278.745,42;355.842,00;;317.828.140,00
CPUR11;10,27;0,100000;10,66;9,86;1,04;941.144,59;0,59;6,76;14,34;615.273.350,20;1.339,00;Ativa;62.371.135,00
CRFF11;70,00;0,610000;11,03;80,35;0,87;497.891,59;3,76;-1,28;12,84;55.443.625,31;1.276,00;Ativa;690.040,00
CSMC11;0,00;12,345305;0,00;993,55;;;1,57;;;1.687.506.092,03;1,00;Ativa;1.698.459,00
CTEM11;1,70;;0,00;;;8,55;;;;;;;0,00
CTNP11;0,00;;0,00;63,81;;;3,50;;;118.155.565,38;8.102,00;;1.851.786,00
CTXT11;5,80;0,010000;0,00;25,20;0,23;972,36;0,49;-23,80;-36,40;98.812.572,86;2.343,00;Passiva;3.921.434,00
CVBI11;83,47;1,050000;13,72;91,03;0,92;1.588.524,32;3,91;-2,52;5,96;1.002.223.656,44;86.299,00;Ativa;11.010.228,00
CVPR11;0,00;0,100000;0,00;90,97;;;24,71;;;3.338.615,62;2,00;Ativa;36.699,00
CXAG11;70,59;0,700000;11,83;115,76;0,61;109.553,77;1,80;-3,53;7,50;242.004.812,18;12.025,00;Ativa;2.090.621,00
CXCE11;38,51;0,445502;14,48;63,34;0,61;12.719,68;7,05;3,11;-0,84;108.489.925,51;3.128,00;Passiva;1.712.950,00
CXCI11;65,50;0,750000;13,80;83,23;0,79;97.195,86;3,75;-2,39;2,60;171.273.684,89;5.335,00;Ativa;2.057.726,00
CXCO11;57,81;0,655000;13,65;95,94;0,60;116.823,73;1,29;-3,22;1,85;376.504.577,24;12.830,00;Passiva;3.924.500,00
CXRI11;62,88;0,590000;11,26;79,08;0,80;181.356,32;6,88;1,65;8,03;124.614.239,17;1.861,00;Ativa;1.575.760,00
CXTL11;234,72;2,173184;10,27;415,01;0,57;4.849,23;2,90;23,58;19,65;22.243.031,66;657,00;Passiva;53.597,00
CYCR11;8,62;0,106000;14,22;9,34;0,92;386.915,91;15,93;-1,85;9,64;341.401.259,58;18.538,00;Ativa;36.549.445,00
CYLD11;100,00;;0,00;120,25;0,83;0,00;3,62;;;149.336.312,59;106,00;Ativa;1.241.847,00
DAMA11;7,30;0,080000;11,37;8,59;0,85;102.070,50;1,19;;;47.584.826,24;711,00;;5.537.031,00
DAMT11B;11,45;0,042538;0,00;14,09;0,81;13,80;4,22;;161,54;250.605.203,32;536,00;;17.779.747,00
DEVA11;29,59;0,410000;18,55;95,53;0,31;535.288,14;3,80;-23,82;-21,67;1.341.698.497,04;91.764,00;Ativa;14.044.908,00
DLMT11;0,00;0,002464;0,00;0,65;;;16,94;-16,89;;8.587.993,97;9,00;Ativa;13.225.796,00
DMAC11;13,00;4,894618;0,00;63,81;0,20;;3,50;;;118.155.565,38;8.102,00;;1.851.786,00
DOMC11;439,00;;0,00;107,07;4,10;;0,30;;;261.656.578,82;1.078,00;Ativa;2.443.800,00
DOVL11B;1.200,69;6,374966;7,38;658,80;1,82;;4,68;-4,97;;43.747.965,10;100,00;Ativa;66.406,00
DPRO11;6,36;0,055000;10,33;9,13;0,70;682,64;1,17;;;45.680.169,24;750,00;Ativa;5.003.220,00
DRIT11;83,97;0,430000;13,62;130,70;0,64;10.026,91;22,97;14,45;-0,94;60.550.635,07;1,00;Ativa;463.277,00
DVFF11;6,08;0,065000;13,73;8,21;0,74;22.220,45;4,87;-2,36;7,31;90.434.563,13;1.832,00;Ativa;11.009.500,00
DVLP11;129,88;;0,00;129,88;1,00;7.361,82;8,11;;;81.094.909,01;4,00;Ativa;624.371,00
DVLT11;95,16;;0,00;95,24;1,00;60.893,73;3,76;;;23.496.153,36;202,00;Ativa;246.712,00
EAGL11;0,00;;0,00;94,31;;;0,79;;;148.813.629,50;7,00;Ativa;1.578.000,00
EDFO11;118,00;0,492328;15,26;210,44;0,56;582,77;1,09;-3,74;-17,61;49.663.915,93;488,00;Passiva;236.000,00
EDGA11;16,51;0,090000;5,63;47,01;0,35;9.377,36;0,41;-15,97;0,93;179.196.479,08;4.147,00;Passiva;3.812.055,00
EDGE11;0,00;;0,00;1.091,75;;;15,22;;;12.483.214,44;16,00;Ativa;11.434,00
EGDB11;1.104,20;;0,00;870,64;1,27;11.174,95;0,33;;;51.363.243,92;1.769,00;Ativa;58.995,00
EGYR11;2,99;;0,00;149,25;0,02;589,14;-0,01;;-49,34;113.729.531,24;91,00;Ativa;762.015,00
ELDO11;762,38;8,000000;16,42;1.662,00;0,46;;1,35;10,54;;1.308.418.127,57;113,00;Passiva;787.256,00
EMET11;9,90;;0,00;9,71;1,02;170.237,86;0,30;;;48.536.711,41;37,00;Ativa;5.000.000,00
EQIR11;7,78;0,100000;14,85;9,34;0,83;122.589,86;6,37;-43,40;5,64;101.885.959,39;10.344,00;Ativa;10.909.315,00
ERCR11;15.707,85;1.868,750000;11,90;20.876,90;0,75;0,00;0,53;;;49.603.513,20;10,00;Passiva;2.376,00
ERPA11;133,16;0,910000;7,58;159,50;0,83;2.028,41;1,06;12,72;8,65;79.895.998,67;441,00;Passiva;500.922,00
ESTQ11;0,00;;0,00;0,01;;;102,75;;;870.986,88;5,00;Ativa;65.361.974,00
EURO11;226,53;1,930000;10,04;329,31;0,69;18.543,14;2,12;1,23;10,34;126.434.642,09;2.135,00;Passiva;383.936,00
EXES11;9,50;0,130000;13,68;9,71;0,98;249.775,64;22,68;;;68.962.453,77;526,00;Ativa;7.105.444,00
FAED11;134,95;1,600000;14,14;222,06;0,61;65.421,45;1,91;0,65;11,01;153.752.411,73;4.250,00;Passiva;692.377,00
FAGL11;0,00;;0,00;63,81;;;3,50;;;118.155.565,38;8.102,00;;1.851.786,00
FAMB11;825,00;45,426656;126,91;2.054,90;0,40;37.432,82;13,47;45,38;-0,68;251.803.229,16;2.118,00;Passiva;122.538,00
FAOE11;926,90;11,160900;2,28;0,00;;0,00;;;;0,00;0,00;Ativa;0,00
FARU11;0,00;;0,00;63,81;;;3,50;;;118.155.565,38;8.102,00;;1.851.786,00
FATN11;75,51;0,800000;13,31;98,38;0,77;819.062,09;0,42;-0,39;1,17;416.576.381,03;17.091,00;Ativa;4.234.552,00
FCAS11;0,00;0,121915;0,00;63,81;;;3,50;;;118.155.565,38;8.102,00;;1.851.786,00
FCFL11;115,00;0,870000;8,91;123,19;0,93;196.347,82;0,47;1,62;8,39;427.972.479,96;3.495,00;Ativa;3.474.010,00
FGPM11;0,00;;0,00;63,81;;;3,50;;;118.155.565,38;8.102,00;;1.851.786,00
FIGS11;44,60;0,450000;11,66;76,09;0,59;141.520,86;1,35;4,10;4,20;216.852.114,13;12.399,00;Passiva;2.850.000,00
FIIB11;499,50;3,900000;8,81;475,37;1,05;168.786,32;0,96;1,60;13,78;325.631.258,44;15.614,00;Passiva;685.000,00
FIIC11;0,00;;0,00;30,51;;;323,14;;;10.800,64;1,00;;354,00
FIIP11;145,34;1,400000;11,72;199,02;0,73;197.585,45;1,94;2,12;-1,36;184.520.865,43;6.531,00;Passiva;927.162,00
FINF11;0,00;0,288048;0,00;39,17;;;3,15;-1,70;;32.122.671,89;4,00;Ativa;820.112,00
FISC11;64,62;0,510000;8,33;114,25;0,57;375,00;0,92;16,53;;194.225.210,86;211,00;Ativa;1.699.996,00
FISD11;149,33;6,526269;0,00;57,24;2,61;0,00;3,25;;;61.392.749,31;22,00;Ativa;1.072.588,00
FIVN11;2,25;;0,00;5,90;0,38;1.565,23;0,01;;1,84;55.578.840,41;3.510,00;Passiva;9.412.630,00
FLCR11;96,92;1,100000;14,50;93,30;1,04;32.662,23;11,51;-0,36;14,94;70.148.124,39;3.003,00;Ativa;751.844,00
FLFL11;0,00;0,180000;0,00;142,59;;;4,04;;;492.559.946,02;1,00;Ativa;3.454.262,00
FLMA11;129,22;1,020000;9,84;220,40;0,59;78.532,95;1,01;6,47;11,37;304.302.274,78;12.667,00;Ativa;1.380.670,00
FLNR11;1.273,88;;0,00;1.227,14;1,04;0,00;0,27;;;155.671.788,18;125,00;Passiva;126.856,00
FLRP11;2.100,00;14,000000;7,71;2.039,75;1,03;13.190,77;1,29;4,60;30,64;147.881.804,81;799,00;Passiva;72.500,00
FMOF11;65,00;0,400000;3,68;115,99;0,56;329.452,14;1,78;13,76;3,65;58.921.632,50;250,00;Passiva;508.008,00
FOFT11;123,00;1,900000;0,00;7,00;17,57;;2,33;-47,71;;250.509.603,82;11.454,00;Ativa;35.769.919,00
FPAB11;177,04;1,350000;7,26;354,18;0,50;284.817,32;5,03;-11,77;1,89;265.637.294,99;736,00;;750.000,00
FPNG11;326,18;0,500000;0,00;173,28;1,88;14,82;0,88;-0,70;;452.612.557,35;141,00;Ativa;2.611.958,00
FRHY11;0,00;1,030000;0,00;17,85;;;85,23;;;2.329.425,61;7,00;Ativa;130.500,00
FTCE11B;2.900,89;50,213728;2,86;2.847,35;1,02;;6,97;;;3.613.331.733,28;126,00;Ativa;1.269.016,00
FVBI11;94,97;0,369573;0,00;63,81;1,49;;3,50;142,93;;118.155.565,38;8.102,00;;1.851.786,00
FVPQ11;52,99;0,500000;10,34;174,49;0,30;64.561,45;1,18;-10,65;-15,46;488.605.030,30;4.077,00;Passiva;2.800.149,00
FYTO11;7,80;0,087000;15,24;9,74;0,80;97.187,50;8,26;-10,23;4,02;148.855.317,44;11.317,00;Ativa;15.281.388,00
GAME11;8,54;0,095000;12,82;9,34;0,91;549.207,68;1,81;-7,20;7,31;202.588.245,06;22.573,00;Ativa;21.697.677,00
GARE11;8,69;0,083000;12,08;9,10;0,95;4.214.352,82;1,23;2,40;8,89;1.341.945.972,30;340.284,00;Ativa;147.458.223,00
GCDL11;108,59;;0,00;95,54;1,14;4.783,91;0,84;;;24.479.103,09;1.421,00;Ativa;256.213,00
GCFF11;69,30;0,750000;0,00;63,81;1,09;;3,50;;-2,39;118.155.565,38;8.102,00;;1.851.786,00
GCOI11;98,99;0,805870;0,00;97,71;1,01;1.124,86;1,33;;;11.041.652,18;376,00;Ativa;113.000,00
GCRI11;60,74;0,870000;17,11;89,26;0,68;206.137,59;0,06;-10,58;-1,90;129.770.231,78;4.379,00;Ativa;1.453.859,00
GESE11B;1.520,00;14,973763;0,00;63,81;23,82;;3,50;118,15;;118.155.565,38;8.102,00;;1.851.786,00
GFDL11;0,00;;0,00;97,17;;;2,12;;;4.958.352,08;707,00;Ativa;51.025,00
GGRC11;9,52;0,100000;12,03;11,14;0,85;3.045.052,50;1,28;-0,15;8,66;1.362.276.387,14;155.913,00;Ativa;122.285.100,00
GLOG11;60,79;0,410000;9,43;108,64;0,56;18.851,82;1,58;-13,81;-5,23;81.476.995,69;2.162,00;Ativa;750.000,00
GLPF11;103,85;0,950000;1,57;100,83;1,03;70.334,82;1,18;;;151.748.822,40;2.451,00;Ativa;1.505.000,00
GLPL11;0,00;;0,00;63,81;;;3,50;;;118.155.565,38;8.102,00;;1.851.786,00
GRLV11;104,51;0,170000;0,00;63,81;1,64;;3,50;135,25;;118.155.565,38;8.102,00;;1.851.786,00
GRUL11;8,18;0,110000;8,19;9,61;0,85;313.763,55;3,04;;;237.487.853,88;4.732,00;Ativa;24.700.000,00
GSFI11;7,83;;0,00;12,93;0,61;247.061,82;1,49;;20,73;1.243.033.608,82;6.712,00;Ativa;96.106.666,00
GTLG11;63,99;0,840000;0,00;63,81;1,00;;3,50;;-13,80;118.155.565,38;8.102,00;;1.851.786,00
GTWR11;68,80;0,830000;14,01;99,69;0,69;854.060,77;1,94;2,01;8,13;1.196.297.496,04;36.419,00;Ativa;12.000.000,00
GURB11;108,00;0,700000;0,00;115,37;0,94;;4,27;;;130.966.273,90;1,00;Ativa;1.135.160,00
GVBI11;0,00;;0,00;63,81;;;3,50;;;118.155.565,38;8.102,00;;1.851.786,00
GZIT11;49,50;0,780000;18,91;91,32;0,54;486.020,82;1,48;;;1.994.508.889,51;6.970,00;Ativa;21.841.231,00
HAAA11;25,28;0,080000;6,49;74,92;0,34;10,23;0,64;-36,35;-31,08;258.862.948,83;227,00;Ativa;3.455.000,00
HABT11;79,25;1,000000;15,50;93,26;0,85;692.891,77;4,26;-4,05;5,98;757.903.182,35;63.800,00;Ativa;8.126.783,00
HBCR11;134,96;0,650000;13,90;122,80;1,10;553.501,95;3,27;33,25;20,18;196.486.837,04;38,00;Ativa;1.600.000,00
HBTT11;1.055,00;16,580000;0,00;63,81;16,53;;3,50;;;118.155.565,38;8.102,00;;1.851.786,00
HCHG11;76,20;0,770000;12,59;94,73;0,80;6.911,23;22,16;-5,87;11,73;113.671.619,69;596,00;Ativa;1.200.000,00
HCPR11;0,00;;0,00;63,81;;;3,50;;;118.155.565,38;8.102,00;;1.851.786,00
HCRI11;251,86;2,640000;12,40;325,88;0,77;38.658,82;1,20;-1,68;10,26;65.175.392,85;3.017,00;Passiva;200.000,00
HCST11;49,44;;0,00;64,00;0,77;0,00;4,66;;-19,51;33.998.113,69;60,00;Ativa;531.226,00
HCTR11;21,37;0,300000;20,45;101,06;0,21;1.808.682,64;0,59;-31,93;-31,74;2.231.809.858,38;143.357,00;Ativa;22.084.202,00
HDEL11;99,00;11,600000;21,92;46,34;2,14;36,00;19,41;;;38.922.861,04;109,00;Passiva;840.000,00
HDOF11;100,00;;0,00;96,82;1,03;0,00;7,88;;;270.821.015,84;117,00;Ativa;2.797.073,00
HFOF11;55,41;0,560000;12,87;68,39;0,81;1.897.236,59;1,03;-1,28;0,14;1.576.230.180,83;72.852,00;Ativa;23.046.000,00
HGBL11;8,67;0,072000;22,10;9,26;0,94;1.379.109,41;4,29;;;221.291.461,12;4.467,00;Ativa;23.905.121,00
HGBS11;193,83;1,600000;10,14;215,46;0,90;1.968.759,18;0,74;6,76;13,25;2.782.303.984,48;126.920,00;Ativa;12.913.301,00
HGCR11;96,15;1,050000;12,17;96,29;1,00;2.049.972,91;0,62;-6,36;9,75;1.484.646.731,61;101.698,00;Ativa;15.418.106,00
HGFF11;68,74;0,680000;13,08;81,18;0,85;285.793,45;6,18;5,25;8,04;232.455.169,41;15.483,00;Ativa;2.863.597,00
HGIC11;76,30;0,800000;14,81;109,91;0,69;14.999,82;11,59;-2,67;-1,14;50.855.619,28;570,00;Ativa;462.706,00
HGLG11;155,85;1,100000;8,47;162,70;0,96;5.875.401,00;0,89;-7,17;8,25;5.497.295.245,90;499.562,00;Ativa;33.787.575,00
HGPO11;131,26;1,750000;108,33;136,12;0,96;226.802,59;1,78;104,42;16,30;238.630.373,14;10.373,00;Passiva;1.753.057,00
HGRE11;112,99;0,850000;9,11;154,21;0,73;1.758.389,82;1,88;2,06;3,48;1.822.420.082,90;143.234,00;Ativa;11.817.767,00
HGRS11;0,00;8,300000;0,00;63,81;;;3,50;;;118.155.565,38;8.102,00;;1.851.786,00
HGRU11;119,40;0,900000;9,97;127,14;0,94;4.532.890,32;1,63;1,26;12,10;2.954.515.169,00;217.181,00;Ativa;23.238.024,00
HILG11;197,24;1,444171;8,90;204,69;0,96;0,00;1,16;;;107.719.894,94;104,00;Ativa;526.253,00
HLMB11;0,00;;0,00;1,66;;;4,59;;;63.079.454,74;50,00;Ativa;38.110.545,00
HLOG11;79,94;0,650000;7,24;110,32;0,72;26.806,91;1,11;-9,46;3,49;468.858.815,13;3.457,00;Ativa;4.250.000,00
HMOC11;226,95;23,800000;0,00;63,81;3,56;;3,50;122,18;;118.155.565,38;8.102,00;;1.851.786,00
HOFC11;24,39;0,210000;0,86;65,33;0,37;64.190,82;6,13;-22,89;-12,32;246.888.657,56;5.706,00;Ativa;3.779.001,00
HOMS11;110,14;;0,00;78,96;1,39;4.844,73;3,90;;;14.444.678,15;971,00;Ativa;182.926,00
HOSI11;86,00;0,588400;9,24;90,81;0,95;443.255,95;1,69;9,70;17,48;52.072.580,30;1.225,00;Ativa;573.450,00
HPDP11;95,00;0,560000;6,82;93,26;1,02;3.819.226,64;2,18;5,81;12,87;306.643.412,77;374,00;Passiva;3.288.000,00
HRDF11;3,17;6,800000;0,00;7,74;0,41;65,27;18,38;;-18,70;11.738.232,97;951,00;Ativa;1.517.425,00
HREC11;8,30;0,090000;11,93;8,59;0,97;702.659,95;4,58;-5,95;7,67;443.897.007,04;2.685,00;Ativa;51.685.917,00
HRES11;147,64;2,458688;14,79;128,84;1,15;0,00;3,09;;;60.330.338,42;132,00;Ativa;468.241,00
HSAF11;79,00;0,950000;13,92;87,69;0,90;277.432,64;21,59;-2,31;7,73;221.537.540,90;9.076,00;Ativa;2.526.360,00
HSLG11;81,00;0,650000;10,63;106,40;0,76;429.540,91;5,07;1,47;6,59;1.347.035.563,50;41.202,00;Ativa;12.660.067,00
HSML11;82,63;0,650000;11,07;109,09;0,76;2.120.349,23;6,52;4,10;10,45;2.270.095.987,33;190.760,00;Ativa;20.808.572,00
HSRE11;102,00;0,650000;10,14;91,39;1,12;4.081.781,18;2,28;12,05;9,24;813.258.876,97;339,00;Ativa;8.898.724,00
HTMX11;138,61;0,798211;17,95;145,49;0,95;771.425,41;4,35;35,74;40,06;420.185.174,61;37.885,00;Ativa;2.888.094,00
HUCG11;96,80;0,220000;0,00;102,83;0,94;475,59;1,04;;;115.378.016,51;235,00;Passiva;1.122.000,00
HUSC11;96,93;0,860000;10,96;152,39;0,64;6.249,36;0,67;1,72;11,92;129.659.342,58;762,00;Passiva;850.821,00
HUSI11;1.230,00;8,418152;8,12;1.246,55;0,99;110,05;1,98;1,62;;145.050.925,72;101,00;Ativa;116.362,00
HYPI11;0,00;;0,00;121,73;;;1,73;;;159.015.972,35;44,00;Ativa;1.306.304,00
IBBP11;7,90;0,068200;3,70;8,76;0,90;1.385,64;4,45;;;386.815.810,01;401,00;Ativa;30.528.841,00
IBCR11;56,41;0,790000;17,80;92,09;0,61;281.739,00;1,09;-7,00;-3,19;88.257.777,64;3.749,00;Ativa;958.423,00
IBFF11;66,40;0,296485;0,00;63,81;1,04;;3,50;;4,31;118.155.565,38;8.102,00;;1.851.786,00
ICNE11;653,96;11,018531;29,28;773,52;0,85;0,00;0,27;;;92.821.803,55;5,00;Ativa;120.000,00
ICRI11;93,63;1,150000;14,01;98,82;0,95;1.104.198,55;7,47;;;381.197.588,91;6.805,00;Ativa;3.857.359,00
IDFI11;2,00;0,034026;30,36;1,60;1,25;0,00;101,44;-50,79;-47,96;3.283.391,87;617,00;Ativa;2.057.925,00
IDGR11;1,50;0,008834;11,81;0,00;;0,00;;;-34,22;0,00;0,00;Ativa;883.359,00
IDUA11;64,42;0,665898;13,21;73,54;0,88;0,00;6,68;;;29.584.035,99;2,00;Ativa;402.311,00
IMOV11;0,00;0,090000;0,00;9,13;;;4,22;;;484.708.931,21;13.027,00;Ativa;53.092.572,00
INDE11;102,77;;0,00;90,22;1,14;0,00;3,34;;;31.005.827,94;177,00;Ativa;343.678,00
INLG11;68,75;0,720000;13,13;100,66;0,68;394.618,05;5,67;7,05;-3,70;454.205.994,28;18.133,00;Ativa;4.512.103,00
INRD11;67,56;0,630000;10,63;117,66;0,57;59.341,91;1,51;2,80;3,42;133.037.540,77;7.460,00;Ativa;1.130.706,00
IRDM11;68,77;0,720000;13,45;81,26;0,85;2.332.624,23;1,25;-9,59;-2,57;2.960.463.235,13;279.385,00;Ativa;36.433.827,00
IRIM11;67,08;0,760000;14,85;84,79;0,79;41.901,00;2,30;-10,55;-3,20;162.789.652,20;2.581,00;Ativa;1.920.000,00
ISCJ11;92,50;0,587471;3,17;239,55;0,39;4,18;0,05;;;44.951.309,14;50,00;Ativa;187.650,00
ITIP11;65,17;0,720000;12,81;69,47;0,94;817.639,50;1,68;-7,85;4,87;51.977.353,72;9.259,00;Passiva;748.151,00
ITIT11;64,56;0,610000;11,35;74,00;0,87;620.148,59;1,31;1,99;7,24;66.632.828,39;10.810,00;Passiva;900.494,00
ITRI11;75,60;0,750000;12,24;90,33;0,84;762.274,95;3,02;;;564.578.952,89;17.123,00;Ativa;6.250.000,00
IVCI11;96,86;0,760000;6,59;98,75;0,98;0,00;4,11;;;49.376.641,16;1,00;Ativa;500.000,00
JASC11;100,00;0,640000;7,45;113,15;0,88;9.090,91;3,49;;;394.815.090,33;166,00;Ativa;3.489.342,00
JBFO11;15,03;0,035612;3,94;8,00;1,88;0,00;50,78;-10,75;;10.230.854,26;369,00;Ativa;1.279.070,00
JCCJ11;153,00;0,449504;3,86;189,20;0,81;2.938.420,64;1,17;;;315.681.727,56;122,00;Passiva;1.668.505,00
JCDA11;0,00;;0,00;19,44;;;0,34;;;296.072.063,25;89,00;Passiva;15.228.824,00
JCDB11;0,00;;0,00;186,66;;;1,07;;;194.676.366,69;58,00;Ativa;1.042.957,00
JCIN11;150,00;0,550194;3,95;156,27;0,96;226.029,55;0,74;;;205.925.197,19;7,00;Passiva;1.317.717,00
JFLL11;71,02;0,500000;9,80;107,83;0,66;45.983,64;1,63;-2,55;7,08;161.813.791,44;2.768,00;Ativa;1.500.598,00
JPPA11;79,24;1,000000;15,89;94,83;0,84;89.548,86;1,39;-13,30;9,03;85.733.045,60;6.871,00;Ativa;904.050,00
JPPC11;125,00;75,060000;60,05;297,12;0,42;9.305,64;37,02;;;16.341.789,43;108,00;Ativa;55.000,00
JRDM11;85,90;0,400000;0,00;63,81;1,35;;3,50;28,90;4,63;118.155.565,38;8.102,00;;1.851.786,00
JSAF11;7,74;0,091000;14,57;8,74;0,89;1.676.638,23;1,65;0,36;12,47;677.401.620,98;19.841,00;Ativa;77.523.290,00
JSCR11;8,24;0,095000;67,42;9,33;0,88;492.145,14;3,04;;;206.526.044,58;3.826,00;Ativa;22.137.100,00
JSRE11;61,26;0,480000;9,40;101,91;0,60;1.312.761,41;0,40;-0,34;0,49;2.116.481.937,97;89.294,00;Ativa;20.767.328,00
JTPR11;2.517,00;1,630372;0,00;66,56;37,82;;6,18;;;14.289.597,23;8,00;Ativa;214.674,00
KCRE11;8,71;0,100000;13,16;9,27;0,94;330.997,18;1,71;0,00;;333.746.878,09;14.864,00;Ativa;36.000.000,00
KEVE11;880,01;28,435827;9,35;540,18;1,63;41.607,36;3,02;;19,34;79.785.486,98;456,00;Passiva;147.700,00
KFEN11;1.100,00;11,670000;2,93;935,83;1,18;0,00;1,87;;;167.187.612,85;129,00;Ativa;178.651,00
KFOF11;77,54;0,750000;11,74;86,26;0,90;1.085.218,77;2,25;2,30;10,69;605.090.573,83;27.173,00;Ativa;7.014.565,00
KINP11;9,82;3,053493;0,00;63,81;0,15;;3,50;;-8,38;118.155.565,38;8.102,00;;1.851.786,00
KISU11;6,94;0,070000;12,15;7,90;0,88;353.754,86;3,30;-2,69;7,61;349.148.307,16;111.689,00;Ativa;44.196.050,00
KIVO11;64,20;0,900000;17,55;87,40;0,73;361.603,00;2,93;-10,84;0,80;194.273.787,77;6.600,00;Ativa;2.222.736,00
KLOG11;0,00;;0,00;0,96;;;9,23;;;378.580.163,05;354,00;Ativa;392.499.269,00
KNCR11;103,97;1,040000;11,54;101,70;1,02;9.310.603,59;2,33;-4,02;14,67;7.788.648.901,14;392.197,00;Ativa;76.584.030,00
KNHF11;90,00;0,900000;12,00;97,17;0,93;5.131.518,45;13,96;;;1.910.649.960,56;43.951,00;Ativa;19.663.235,00
KNHY11;100,79;1,230000;12,99;97,84;1,03;2.910.860,77;9,90;0,51;13,24;2.756.152.545,00;25.722,00;Ativa;28.169.507,00
KNIP11;90,07;1,100000;11,80;90,59;0,99;5.109.555,86;0,92;-2,79;7,28;7.254.411.792,08;73.091,00;Ativa;80.078.186,00
KNPR11;0,00;3,300000;0,00;89,06;;;8,65;;;51.645.907,30;593,00;Ativa;579.911,00
KNRE11;0,30;0,037742;0,00;0,67;0,45;5.149,59;52,47;;81,71;12.352.255,75;6.089,00;Ativa;18.547.161,00
KNRI11;142,30;1,000000;8,43;161,22;0,88;9.629.487,77;2,44;3,32;9,83;4.547.151.519,19;297.208,00;Ativa;28.204.047,00
KNSC11;8,62;0,100000;12,41;8,69;0,99;4.538.088,59;2,70;-0,49;9,25;1.757.299.035,18;200.213,00;Ativa;202.202.385,00
KNUQ11;103,50;1,180000;12,56;101,25;1,02;2.573.506,09;7,91;;;1.550.451.913,25;37.542,00;Ativa;15.312.517,00
KOPI11;0,00;;0,00;63,81;;;3,50;;;118.155.565,38;8.102,00;;1.851.786,00
KORE11;83,82;1,250000;17,90;105,88;0,79;2.015.719,82;4,44;;;1.019.051.422,58;22.968,00;Ativa;9.625.000,00
KRES11;0,00;0,000140;0,00;1,00;;;3,58;;;228.789.924,60;131,00;Ativa;228.999.919,00
LASC11;102,68;0,650000;6,94;142,85;0,72;1.962.269,00;1,72;-4,61;18,04;420.018.656,01;409,00;Passiva;2.940.298,00
LATR11B;9,51;9,998500;0,00;63,81;0,15;;3,50;;-28,89;118.155.565,38;8.102,00;;1.851.786,00
LAVF11;0,00;1,300000;0,00;63,81;;;3,50;;;118.155.565,38;8.102,00;;1.851.786,00
LFTT11;3,53;3,668145;0,00;15,29;0,23;43.912,86;4,49;;0,96;49.926.856,54;8,00;;3.265.000,00
LIFE11;8,87;0,120000;17,98;9,81;0,90;538.440,77;2,16;;;371.917.406,01;15.643,00;Ativa;37.901.307,00
LKDV11;997,23;;0,00;1.081,93;0,92;0,00;0,93;;;72.284.896,73;69,00;Ativa;66.811,00
LLAO11;64,58;1,700000;0,00;52,27;1,24;0,00;4,13;;;18.875.329,35;77,00;Ativa;361.140,00
LOFT11B;29,90;0,201705;0,00;2,35;12,72;;9,72;;;4.620.721,46;8,00;;1.962.500,00
LPLP11;340,75;5,290249;21,79;404,08;0,84;454.556,14;0,06;-12,76;;234.575.135,41;11,00;Ativa;580.510,00
LRDI11;100,00;;0,00;96,89;1,03;18,18;0,57;;;35.829.321,06;102,00;Ativa;369.779,00
LRED11;0,00;;0,00;10,24;;;25,63;;;12.849.922,05;28,00;Ativa;1.254.306,00
LSOI11;85,00;0,100000;0,12;9,20;9,24;;0,94;;;11.086.118,63;9,00;Ativa;1.204.811,00
LSPA11;24,01;0,060000;141,16;20,95;1,15;0,00;104,96;81,14;;8.473.824,04;727,00;Ativa;404.500,00
LTMT11;95,21;8,379118;8,80;95,19;1,00;5.660,64;3,25;;;11.895.462,33;1,00;Ativa;124.960,00
LVBI11;100,67;0,750000;10,16;124,79;0,81;2.142.464,18;3,43;4,63;9,90;2.011.420.258,51;131.797,00;Ativa;16.118.565,00
MADS11;0,00;;0,00;63,81;;;3,50;;;118.155.565,38;8.102,00;;1.851.786,00
MALL11;101,85;0,850000;9,62;121,72;0,84;1.984.685,23;4,13;2,28;9,26;1.701.866.054,77;128.729,00;Ativa;13.982.093,00
MANA11;8,51;0,110000;14,69;9,16;0,93;894.192,32;1,67;;;343.653.673,16;1,00;Ativa;37.536.140,00
MATV11;86,63;0,600000;0,00;63,81;1,36;;3,50;;-3,96;118.155.565,38;8.102,00;;1.851.786,00
MAXR11;65,52;0,320000;21,46;104,47;0,63;1.014.836,68;1,60;22,49;10,68;117.599.299,83;4.577,00;Ativa;1.125.655,00
MCCI11;83,19;0,900000;11,90;92,21;0,90;2.186.484,59;3,95;-7,97;5,81;1.563.930.061,85;102.695,00;Ativa;16.960.024,00
MCEM11;65,00;;0,00;65,61;0,99;71.451,14;0,08;;;94.790.355,26;9,00;Ativa;1.444.860,00
MCHF11;9,10;0,070000;0,00;63,81;0,14;;3,50;;-2,97;118.155.565,38;8.102,00;;1.851.786,00
MCRE11;8,57;0,110000;14,70;10,14;0,85;2.597.812,50;7,74;-12,64;6,22;1.131.059.679,93;82.504,00;;111.598.921,00
MFAI11;69,98;0,720000;3,77;0,00;;0,00;;-11,46;-3,77;0,00;0,00;Ativa;0,00
MFCR11;22,33;2,270000;19,17;0,00;;0,00;;;;0,00;0,00;Ativa;0,00
MFII11;85,75;1,110000;16,35;104,89;0,82;795.763,95;0,12;1,90;8,65;546.704.615,94;33.260,00;Ativa;5.212.395,00
MGCR11;9,40;0,100000;0,00;63,81;0,15;;3,50;;1,46;118.155.565,38;8.102,00;;1.851.786,00
MGFF11;69,99;0,520000;0,00;63,81;1,10;;3,50;-2,71;3,59;118.155.565,38;8.102,00;;1.851.786,00
MGHT11;12,90;0,130000;7,05;26,71;0,48;53.084,14;2,64;-14,07;-39,81;35.096.470,27;4.838,00;;1.313.784,00
MGIM11;101,50;0,176173;0,00;63,81;1,59;;3,50;;;118.155.565,38;8.102,00;;1.851.786,00
MGLC11;0,00;;0,00;63,81;;;3,50;;;118.155.565,38;8.102,00;;1.851.786,00
MGRI11;58,18;1,800000;31,41;69,16;0,84;0,00;0,47;;;18.113.818,43;1,00;Ativa;261.900,00
MINT11;96,50;0,749556;0,78;97,17;0,99;0,00;16,33;;-1,34;50.527.673,91;94,00;Ativa;520.000,00
MMPD11;0,00;1,050149;0,00;110,64;;;3,54;;;58.696.791,36;102,00;Ativa;530.497,00
MMVE11;157,50;;0,00;76,54;2,06;7,14;0,19;;;36.435.183,84;142,00;Ativa;476.036,00
MOFF11;0,00;;0,00;674,50;;;0,76;;;148.435.042,19;3,00;Ativa;220.066,00
MORC11;89,87;0,330000;0,00;63,81;1,41;;3,50;;-4,13;118.155.565,38;8.102,00;;1.851.786,00
MORE11;76,21;0,700000;0,00;63,81;1,19;;3,50;-3,30;2,71;118.155.565,38;8.102,00;;1.851.786,00
MTOF11;103,37;;0,00;68,86;1,50;0,00;1,51;;;133.656.372,09;2,00;Ativa;1.941.019,00
MTRS11;0,00;;0,00;63,81;;;3,50;;;118.155.565,38;8.102,00;;1.851.786,00
MVFI11;0,00;;0,00;1,41;;;7,80;;;109.917.083,06;1,00;Ativa;78.155.673,00
MXRF11;9,13;0,090000;12,49;9,27;0,98;10.352.327,32;1,70;-3,79;11,31;4.052.118.592,96;1.280.849,00;Ativa;437.325.297,00
N4V1;0,00;;0,00;63,81;;;3,50;;;118.155.565,38;8.102,00;;1.851.786,00
N4V111;0,00;;0,00;63,81;;;3,50;;;118.155.565,38;8.102,00;;1.851.786,00
NAUI11;1.030,00;;0,00;371,59;2,77;0,00;3,78;;;19.224.038,21;111,00;Passiva;51.735,00
NAVT11;64,50;0,700000;16,67;83,60;0,77;112.568,64;1,35;1,70;10,33;51.184.179,36;2.813,00;Ativa;612.282,00
NCRI11;8,33;0,110000;14,27;9,84;0,85;2.362,32;5,78;;;38.882.337,31;1.024,00;Ativa;3.949.999,00
NEWL11;96,79;0,950000;11,90;132,39;0,73;164.659,45;19,81;-1,05;12,04;373.009.754,19;9.256,00;Ativa;2.817.412,00
NEWU11;77,00;0,070000;1,23;77,79;0,99;165.502,18;5,47;-56,57;36,49;57.721.617,01;1.149,00;Ativa;742.000,00
NIVT11;0,00;;0,00;9,75;;;14,43;;;9.839.246,20;220,00;Ativa;1.009.617,00
NPAR11;12,82;1,196695;0,00;9,75;1,31;;14,43;;0,55;9.839.246,20;220,00;Ativa;1.009.617,00
NSLU11;150,04;1,560000;12,45;209,64;0,72;191.495,82;3,22;6,97;10,39;271.121.349,32;5.572,00;Passiva;1.293.286,00
NVHO11;10,78;0,082219;10,25;16,59;0,65;1.160,32;1,81;1,56;5,05;688.351.384,42;1.885,00;Ativa;41.494.533,00
NVIF11;227,50;1,111440;5,57;265,77;0,86;;6,50;33,42;;89.669.680,70;7,00;Ativa;337.400,00
OBAL11;1.095,00;72,443175;27,26;1.203,97;0,91;0,00;10,81;;;170.096.003,06;108,00;Ativa;141.279,00
OCRE11;76,01;0,498240;11,12;90,74;0,84;17.553,91;2,80;;;38.383.630,85;475,00;Ativa;422.986,00
OGHY11;8,72;0,090000;0,00;63,81;0,14;;3,50;;;118.155.565,38;8.102,00;;1.851.786,00
ONDV11;0,00;;0,00;9,75;;;14,43;;;9.839.246,20;220,00;Ativa;1.009.617,00
ONEF11;200,03;0,031000;0,00;63,81;3,13;;3,50;66,84;8,74;118.155.565,38;8.102,00;;1.851.786,00
OPTM11;0,00;0,140000;0,00;57,49;;;12,76;;;4.214.110,12;15,00;Ativa;73.304,00
ORPD11;93,00;1,379310;0,00;142,27;0,65;;0,00;;;41.257.941,59;6,00;Ativa;290.000,00
OUFF11;61,10;0,755800;3,30;0,00;;264.340,11;;-0,22;-1,42;0,00;0,00;Ativa;0,00
OUJP11;76,68;0,950000;14,33;98,60;0,78;460.679,82;14,89;-10,58;7,53;320.684.895,60;25.288,00;Ativa;3.252.384,00
OULG11;36,50;0,765000;2,10;61,76;0,59;153.863,45;4,10;-7,80;0,78;153.234.071,89;3.776,00;Ativa;2.481.283,00
OURE11;78,20;1,085000;3,79;0,00;;0,00;;-3,46;-0,26;0,00;0,00;Ativa;0,00
PABY11;10,87;;0,00;-27,97;;56,14;;;10,76;-21.214.942,10;553,00;Passiva;758.400,00
PATA11;10,67;0,090190;7,58;9,94;1,07;5.441,09;3,45;;;16.919.617,32;198,00;Ativa;1.702.007,00
PATB11;0,00;6,810094;0,00;193,38;;;0,66;;;786.904.000,41;1,00;Ativa;4.069.308,00
PATC11;35,25;0,150000;4,45;41,31;0,85;2.005.820,73;1,23;-29,07;13,05;143.652.793,40;5.842,00;Ativa;3.477.434,00
PATL11;47,42;0,570000;14,49;96,57;0,49;315.070,64;1,77;-0,62;-6,02;482.034.598,28;25.517,00;Ativa;4.991.535,00
PBLV11;663,11;43,032901;13,37;1.560,47;0,42;0,00;4,06;;;7.032.062.486,30;2,00;Ativa;4.506.371,00
PCAS11;0,00;428,571429;0,00;4.311,20;;;0,51;;;301.783.685,66;100,00;Passiva;70.000,00
PEMA11;37,10;0,995140;16,60;63,88;0,58;512,95;1,76;-3,52;6,93;35.261.789,00;298,00;Ativa;552.000,00
PLAG11;47,50;0,460000;11,24;60,65;0,78;601.005,64;1,13;2,91;10,44;305.692.215,50;17.017,00;Ativa;5.040.336,00
PLCR11;81,29;0,900000;11,83;91,00;0,89;302.390,23;11,34;-9,43;10,76;191.932.714,50;14.985,00;Ativa;2.109.169,00
PLRI11;15,74;1,362249;36,58;18,12;0,87;7.425,91;1,62;12,44;17,96;17.292.149,07;831,00;Ativa;954.304,00
PMFO11;85,69;0,840000;11,72;86,04;1,00;4.545,45;1,47;;;83.969.452,67;1,00;Ativa;975.907,00
PMIS11;7,81;0,090000;14,85;9,12;0,86;274.811,09;6,30;;;134.952.031,28;7.276,00;Ativa;14.803.242,00
PNCR11;68,65;0,750000;15,16;54,26;1,27;0,00;1,50;;;27.131.645,28;113,00;Ativa;500.000,00
PNDL11;1.075,00;3,410000;0,00;1.061,68;1,01;43.414,55;7,23;;;153.234.860,52;56,00;Ativa;144.332,00
PNLN11;0,00;;0,00;96,06;;;16,91;;;18.045.325,45;51,00;Ativa;187.860,00
PNPR11;53,00;1,230000;2,32;38,29;1,38;4,86;3,63;;-0,17;34.380.768,33;19,00;Ativa;897.816,00
PNRC11;102,52;0,560000;9,49;54,11;1,89;0,00;8,76;;;22.191.705,53;105,00;Ativa;410.100,00
PORD11;8,14;0,088000;13,17;9,55;0,85;471.606,05;20,91;-9,12;9,50;356.192.909,97;40.198,00;Ativa;37.283.750,00
PQAG11;55,05;0,470000;10,06;57,59;0,96;2.178,45;4,03;2,66;8,12;805.766.999,83;474,00;Ativa;13.991.890,00
PQDP11;2.300,00;22,500000;8,89;3.350,32;0,69;130.264,64;2,75;1,61;56,59;336.911.154,50;3.410,00;Passiva;100.561,00
PRSN11B;1,48;0,168289;23,40;3,32;0,45;;84,59;;10,06;10.718.356,41;991,00;Ativa;3.231.246,00
PRSV11;47,01;1,620000;0,00;150,56;0,31;1.833,00;0,12;28,92;-25,35;32.149.533,90;838,00;Passiva;213.532,00
PRTS11;117,70;0,054870;0,00;63,81;1,84;;3,50;;;118.155.565,38;8.102,00;;1.851.786,00
PRZS11;0,00;;0,00;66,70;;;0,03;;;98.352.463,75;18,00;Ativa;1.474.616,00
PULV11;7,70;0,090000;15,69;10,13;0,76;30.538,50;4,69;;;121.578.260,10;811,00;Ativa;12.000.240,00
PVBI11;77,86;0,500000;8,99;104,85;0,74;3.498.817,82;1,54;0,43;2,06;2.844.548.333,82;159.981,00;Ativa;27.130.067,00
QAMI11;84,68;1,000000;0,00;63,81;1,33;27.416,86;3,50;;-3,76;118.155.565,38;8.102,00;;1.851.786,00
QIRI11;78,04;0,660000;0,00;63,81;1,22;;3,50;;2,27;118.155.565,38;8.102,00;;1.851.786,00
QNTS11;0,00;0,410000;0,00;173,36;;;1,61;;;234.647.520,57;136,00;Ativa;1.353.552,00
QTZD11;0,00;;0,00;9,05;;;8,24;;;5.282.137,59;31,00;Ativa;583.340,00
RBBV11;100,00;0,224057;0,00;63,81;1,57;;3,50;75,40;;118.155.565,38;8.102,00;;1.851.786,00
RBCB11;19,00;0,300000;0,00;63,81;0,30;;3,50;-15,04;;118.155.565,38;8.102,00;;1.851.786,00
RBDS11;2,65;2,354143;0,00;18,26;0,15;199,27;20,00;18,99;-7,97;2.310.539,04;851,00;Ativa;126.523,00
RBED11;94,00;1,040000;20,55;0,00;;0,00;;15,30;4,56;0,00;10.734,00;Ativa;2.355.022,00
RBFF11;50,76;0,510000;12,08;58,88;0,86;324.441,91;3,94;0,66;10,59;220.749.216,69;24.881,00;Ativa;3.749.215,00
RBGS11;28,45;0,176600;0,00;63,81;0,45;;3,50;4,91;;118.155.565,38;8.102,00;;1.851.786,00
RBHG11;67,39;0,800000;15,43;86,35;0,78;227.027,73;5,47;-9,54;4,45;187.203.521,70;9.764,00;Ativa;2.167.957,00
RBHY11;79,06;1,050000;15,49;92,38;0,86;433.828,45;2,65;-7,94;7,37;174.914.702,96;3.261,00;Ativa;1.893.505,00
RBIR11;82,50;0,981280;4,52;93,12;0,89;131.924,14;1,16;;12,01;142.341.550,09;1.565,00;Ativa;1.528.615,00
RBLG11;46,00;0,450000;20,00;68,19;0,67;2.478,18;1,39;-3,51;5,29;43.657.617,49;254,00;Ativa;640.199,00
RBOP11;186,06;3,500000;11,13;688,17;0,27;23.789,95;6,17;-26,18;-25,66;69.962.120,41;3.301,00;Ativa;101.664,00
RBRD11;38,60;0,500000;13,13;64,76;0,60;43.617,73;3,96;11,47;6,16;119.924.979,59;7.751,00;Ativa;1.851.786,00
RBRF11;6,71;0,060000;12,28;8,43;0,80;2.439.632,64;2,20;3,10;7,18;1.153.137.697,07;122.865,00;Ativa;136.807.700,00
RBRI11;850,00;60,500000;44,06;815,19;1,04;5.792,05;5,91;;;113.853.147,88;115,00;Ativa;139.665,00
RBRL11;73,11;0,760000;11,79;105,47;0,69;268.052,73;8,83;3,81;3,76;705.294.997,19;13.769,00;Ativa;6.687.035,00
RBRM11;94.794,81;2.002,089652;0,00;5.301,98;17,88;;100,00;;;2.860.101,93;54,00;Ativa;539,00
RBRP11;46,10;0,400000;13,97;75,14;0,61;1.075.428,86;0,62;14,15;-4,03;915.122.226,11;70.262,00;Ativa;12.179.187,00
RBRR11;84,25;0,950000;12,32;90,44;0,93;1.884.222,27;0,36;-3,83;5,23;1.361.748.295,70;122.583,00;Ativa;15.057.201,00
RBRS11;35,99;0,070000;0,58;96,12;0,37;47.892,86;3,60;-8,26;-12,30;166.702.415,61;1.046,00;Ativa;1.734.299,00
RBRU11;0,00;;0,00;63,81;;;3,50;;;118.155.565,38;8.102,00;;1.851.786,00
RBRX11;8,00;0,080000;13,25;9,67;0,83;607.438,45;4,13;;;284.929.786,09;12.650,00;Ativa;29.468.659,00
RBRY11;93,14;1,050000;12,58;96,46;0,97;2.228.201,64;10,84;-6,11;9,56;1.231.799.238,82;60.170,00;Ativa;12.769.512,00
RBTS11;377,00;0,601504;0,16;387,09;0,97;83,23;15,90;;;21.880.454,37;141,00;Ativa;56.525,00
RBVA11;84,67;0,900000;13,58;106,54;0,79;1.745.612,73;0,55;-1,65;6,97;1.663.562.818,82;69.186,00;Ativa;15.614.305,00
RBVO11;5,32;0,010000;21,99;0,00;;0,00;;71,05;-23,56;0,00;0,00;Ativa;0,00
RCFA11;0,74;;0,00;19,09;0,04;186,86;0,01;;-49,86;11.148.389,57;280,00;Passiva;583.926,00
RCFF11;79,10;5,300000;31,30;101,39;0,78;0,00;5,40;;6,23;32.769.978,34;127,00;Ativa;323.200,00
RCKF11;0,00;;0,00;63,81;;;3,50;;;118.155.565,38;8.102,00;;1.851.786,00
RCRB11;127,70;0,880000;8,82;200,90;0,64;1.703.194,41;0,20;9,15;7,37;741.458.792,09;30.414,00;Ativa;3.690.695,00
RCRI11B;1.200,00;12,481836;0,00;63,81;18,81;;3,50;;;118.155.565,38;8.102,00;;1.851.786,00
RDCI11;0,00;1,440000;0,00;83,71;;;3,21;;;217.786.268,40;114,00;Ativa;2.601.800,00
RDIV11;0,00;;0,00;92,49;;;0,50;;;242.674.226,99;141,00;Ativa;2.623.752,00
RDLI11;99,00;;0,00;93,25;1,06;193,50;1,26;;;154.658.949,65;224,00;Ativa;1.658.625,00
RDLS11;0,00;;0,00;1.258,10;;;12,70;;;257.909.704,77;31,00;;205.000,00
RECD11;9,99;0,113900;6,31;9,80;1,02;824,64;15,85;;;53.462.571,16;185,00;Ativa;5.453.775,00
RECH11;0,00;;0,00;63,81;;;3,50;;;118.155.565,38;8.102,00;;1.851.786,00
RECM11;8,59;0,110000;5,70;9,70;0,89;11.817,82;8,51;;;81.478.897,04;628,00;Ativa;8.400.517,00
RECR11;83,85;1,150400;13,57;88,85;0,94;2.097.937,68;4,67;-1,91;7,95;2.349.303.928,77;166.836,00;Ativa;26.441.650,00
RECT11;30,43;0,330000;14,21;90,89;0,33;243.937,59;0,12;-11,02;-11,76;776.500.216,78;54.217,00;Ativa;8.543.493,00
RECX11;67,99;0,600000;2,79;72,48;0,94;0,00;17,45;-12,46;-7,95;15.823.826,78;577,00;Ativa;218.313,00
REIT11;85,00;2,483200;8,77;291,87;0,29;132,50;10,81;-44,48;-20,94;7.673.546,11;66,00;Ativa;26.291,00
RELG11;66,66;0,680000;6,12;111,48;0,60;753.269,55;0,75;-24,18;3,59;148.781.695,22;4.286,00;Ativa;1.334.562,00
RENV11;7,18;0,021000;4,89;9,29;0,77;8.929,45;0,22;;;9.540.245,58;506,00;Ativa;1.026.794,00
RFOF11;56,45;0,650000;14,77;69,42;0,81;133.430,77;1,41;-0,20;4,01;74.846.720,07;4.269,00;Ativa;1.078.164,00
RINV11;101,10;1,050000;13,27;102,09;0,99;275.147,09;1,99;;;334.796.739,20;3.834,00;Ativa;3.279.532,00
RMAI11;68,50;0,500000;8,99;107,07;0,64;15.441,36;0,30;22,32;35,77;261.656.578,82;1.078,00;Ativa;2.443.800,00
RNDP11;40,50;0,690000;16,59;40,28;1,01;9.393,14;100,03;-33,42;33,04;4.329.855,96;0,00;Ativa;107.481,00
RNGO11;44,94;0,390000;10,17;83,80;0,54;42.647,18;1,35;-3,40;6,15;224.255.298,31;8.143,00;Passiva;2.676.000,00
ROOF11;689,77;41,715400;0,00;422,38;1,63;0,00;3,56;;;32.732.463,39;79,00;Ativa;77.495,00
RPRI11;89,74;1,100000;13,48;97,83;0,92;288.547,14;2,19;-5,50;;339.651.658,75;4.093,00;Ativa;3.471.728,00
RRCI11;73,47;0,850000;13,88;89,16;0,82;11.227,09;8,31;-8,24;7,46;42.953.210,83;1.841,00;Ativa;481.757,00
RSPD11;989,00;20,132742;6,97;968,93;1,02;60.829,00;3,11;;;144.380.933,98;137,00;Ativa;149.011,00
RTEL11;0,00;;0,00;92,10;;;6,57;;;31.978.093,11;545,00;Ativa;347.200,00
RVBI11;63,69;0,700000;13,90;75,20;0,85;757.900,05;1,45;-0,56;4,14;772.748.277,73;52.842,00;Ativa;10.276.012,00
RZAK11;81,53;1,150000;16,67;86,64;0,94;1.637.364,64;2,60;-8,37;11,30;763.142.665,19;44.758,00;Ativa;8.807.885,00
RZAT11;88,35;1,100000;14,20;101,69;0,87;510.593,45;4,25;-1,56;-5,82;430.643.991,43;35.915,00;Ativa;4.235.042,00
RZDM11;550,16;2,900000;0,00;63,81;8,62;;3,50;;;118.155.565,38;8.102,00;;1.851.786,00
RZLC11;1.006,82;10,415200;7,07;989,33;1,02;1.023.970,91;2,33;;;49.466.588,67;1,00;Ativa;50.000,00
RZTR11;90,30;1,050000;12,96;95,96;0,94;3.472.614,41;6,95;-4,45;9,33;1.808.937.298,92;138.950,00;Ativa;18.851.720,00
RZZI11;0,00;;0,00;999,15;;;1,58;;;85.329.416,78;114,00;;85.402,00
RZZR11;145,00;1,177000;9,52;166,71;0,87;16.640,05;0,94;1,91;1,42;832.317.141,11;440,00;Passiva;4.992.723,00
SACL11;0,00;;0,00;63,81;;;3,50;;;118.155.565,38;8.102,00;;1.851.786,00
SADI11;8,71;0,095000;12,35;9,64;0,90;196.441,05;3,91;-4,90;13,04;149.324.102,27;10.842,00;Ativa;15.486.840,00
SAIC11B;0,00;0,662215;0,00;56,41;;0,00;1,53;;;80.647.033,93;46,00;Passiva;1.429.740,00
SALI11;0,00;;0,00;91,10;;;6,29;;;7.248.387,20;2,00;Passiva;79.565,00
SAPI11;8,62;0,105000;12,77;9,87;0,87;96.215,55;9,49;;;152.298.556,41;2.850,00;Ativa;15.436.840,00
SARE11;4,75;0,026000;6,29;7,86;0,60;1.609.989,05;4,63;-27,04;-4,94;725.840.041,13;30.361,00;Ativa;92.343.290,00
SBCL11;0,00;;0,00;0,97;;;247,01;;;29.209,73;2,00;Ativa;30.000,00
SCPF11;2,05;0,045000;0,00;10,62;0,19;2.792,95;0,69;6,06;-31,15;44.602.316,06;4.609,00;Ativa;4.200.000,00
SEED11;93,00;1,890000;12,74;91,19;1,02;0,00;2,27;-3,94;10,02;149.556.167,52;129,00;Ativa;1.640.000,00
SEQR11;47,00;0,582300;14,71;93,55;0,50;158.833,91;1,91;-4,77;0,87;155.833.626,93;4.846,00;Ativa;1.665.695,00
SFND11;83,07;0,100000;0,00;63,81;1,30;;3,50;115,88;;118.155.565,38;8.102,00;;1.851.786,00
SFRO11;0,00;;0,00;63,81;;;3,50;;;118.155.565,38;8.102,00;;1.851.786,00
SHDP11B;0,00;5,530384;0,00;1.391,03;;;1,35;4,05;;1.654.944.465,83;2,00;Passiva;1.189.725,00
SHOP11;19,98;;0,00;35,69;0,56;48.155,45;0,17;;;69.657.651,22;65,00;Ativa;1.951.967,00
SHPH11;886,88;5,300000;6,65;1.015,10;0,87;142.878,05;1,40;11,69;9,32;618.143.895,61;2.139,00;Passiva;608.950,00
SHSO11;0,00;0,420000;0,00;63,81;;;3,50;;;118.155.565,38;8.102,00;;1.851.786,00
SIGR11;99,90;1,295000;0,00;97,68;1,02;45,45;7,09;;;195.840.861,90;7.825,00;Ativa;2.005.023,00
SJAU11;28,98;11,880000;40,99;53,79;0,54;1.031,91;0,00;;-31,83;426.697.623,88;243,00;Passiva;7.932.248,00
SLDZ11;0,00;;0,00;-95,56;;;;;;-480.205,81;2,00;Ativa;5.025,00
SMRE11;80,00;1,001000;14,53;101,32;0,79;349.363,41;1,74;;;95.753.428,24;1.693,00;Ativa;945.078,00
SNCI11;90,00;1,000000;13,17;96,52;0,93;340.836,50;0,26;-4,49;7,65;405.387.881,48;38.520,00;Ativa;4.200.000,00
SNEL11;8,59;0,100000;14,05;8,10;1,06;489.503,64;6,96;;;310.809.172,74;27.730,00;Ativa;38.359.418,00
SNFF11;68,90;0,720000;14,72;82,83;0,83;745.035,23;0,13;3,11;3,37;333.019.613,20;28.603,00;Ativa;4.020.635,00
SNLG11;0,28;0,840000;1.158,64;29,44;0,01;369.625,86;3,89;;203,66;74.479.799,10;3.609,00;Ativa;2.529.966,00
SNME11;9,31;0,110000;13,52;9,40;0,99;28.463,64;0,57;;;69.759.365,00;3.754,00;Ativa;7.418.243,00
SOLR11;1.051,35;4,770765;0,00;940,77;1,12;0,00;0,00;;;60.649.867,14;50,00;Ativa;64.468,00
SPAF11;0,00;10,063656;0,00;977,84;;;2,77;7,21;;11.020.242,03;1,00;Ativa;11.270,00
SPDE11;1.266,67;4,760000;13,24;1.216,03;1,04;0,00;1,48;;;111.144.871,09;120,00;Ativa;91.400,00
SPGM11;11,38;;0,00;9,72;1,17;0,00;4,31;;;33.532.496,07;334,00;Passiva;3.449.170,00
SPMO11;144,00;0,430000;0,00;134,65;1,07;0,00;0,00;;;243.970.490,67;14,00;Ativa;1.811.919,00
SPTW11;34,11;0,420000;14,63;58,39;0,58;46.117,23;6,28;0,61;4,36;104.990.842,25;20.507,00;Passiva;1.798.000,00
SPVJ11;0,00;0,125300;0,00;35,80;;;17,55;33,39;;225.992.182,25;25,00;Ativa;6.312.090,00
SPXC11;0,00;;0,00;63,81;;;3,50;;;118.155.565,38;8.102,00;;1.851.786,00
SPXG11;0,00;;0,00;9,46;;;5,05;;;2.993.228,54;1,00;Ativa;316.496,00
SPXL11;0,00;;0,00;9,10;;;11,27;;;12.644.076,36;15,00;Ativa;1.389.551,00
SPXS11;8,47;0,095000;13,90;9,29;0,91;316.772,41;14,31;;;187.573.765,53;19.694,00;Ativa;20.189.040,00
SRVD11;3,00;0,200000;0,00;0,54;5,56;;0,00;;-30,61;52.302.223,92;106,00;Ativa;96.286.020,00
STRX11;158,90;0,780000;6,17;141,87;1,12;0,00;0,91;2,50;;228.908.886,07;109,00;Ativa;1.613.559,00
TBOF11;15,56;0,822740;0,00;63,81;0,24;;3,50;74,62;;118.155.565,38;8.102,00;;1.851.786,00
TCIN11;145,92;;0,00;64,60;2,26;0,00;0,59;;7,55;54.886.801,04;112,00;Ativa;849.660,00
TCPF11;39,53;1,310000;0,00;101,01;0,39;0,00;4,55;;;30.034.078,52;52,00;Ativa;297.327,00
TELD11;0,00;;0,00;24,33;;;0,35;;;11.437.732,28;2,00;Ativa;470.116,00
TELF11;0,00;;0,00;63,81;;;3,50;;;118.155.565,38;8.102,00;;1.851.786,00
TELM11;10,09;0,100000;4,32;9,81;1,03;36.365,41;8,58;;;21.074.797,54;106,00;;2.147.362,00
TEPP11;82,99;0,950000;13,00;96,92;0,86;346.782,32;6,49;21,81;16,50;409.172.279,37;28.705,00;Ativa;4.221.967,00
TFOF11;138,00;2,370000;0,00;63,81;2,16;;3,50;29,98;;118.155.565,38;8.102,00;;1.851.786,00
TGAR11;88,60;1,000000;15,69;113,19;0,78;5.287.092,00;1,44;-7,57;4,50;2.667.676.366,58;162.156,00;Ativa;23.567.968,00
THRA11;138,50;0,130000;0,00;63,81;2,17;;3,50;90,73;;118.155.565,38;8.102,00;;1.851.786,00
TJKB11;257,02;2,900000;13,35;264,99;0,97;28.987,77;3,30;5,19;;263.516.547,26;228,00;Ativa;994.438,00
TMPS11;78,07;0,820000;16,29;92,26;0,85;259.911,27;6,92;;;90.314.854,26;2.007,00;Ativa;978.968,00
TOPP11;70,88;0,840000;6,91;98,28;0,72;385.639,23;0,90;;;445.025.084,40;4.810,00;Ativa;4.528.240,00
TORD11;0,63;0,004900;0,78;5,91;0,11;28.390,59;1,50;;-57,23;207.017.990,23;70.061,00;Ativa;35.051.354,00
TORM13;142,00;10,562960;0,00;63,81;2,23;;3,50;;;118.155.565,38;8.102,00;;1.851.786,00
TOUR11;8,80;0,242328;0,00;63,81;0,14;;3,50;;;118.155.565,38;8.102,00;;1.851.786,00
TRBL11;59,96;0,580000;14,64;95,43;0,63;480.829,77;8,30;-2,63;-4,00;738.556.983,79;51.988,00;Ativa;7.739.092,00
TRNT11;92,02;0,070000;0,28;175,59;0,52;16.304,00;1,38;-14,19;-3,25;691.061.536,81;559,00;;3.935.562,00
TRXB11;120,01;1,000000;18,18;105,93;1,13;52.711,14;3,94;23,54;12,78;361.637.752,25;427,00;Passiva;3.413.849,00
TRXF11;102,47;0,930000;12,48;101,27;1,01;8.323.306,59;5,85;6,13;13,29;2.028.989.060,86;184.018,00;Ativa;20.035.563,00
TRXY11;8,98;0,110000;5,57;9,28;0,97;440.391,09;9,77;;;33.515.353,68;517,00;Ativa;3.609.720,00
TSER11;101,00;0,990000;11,46;99,60;1,01;9,18;3,83;1,73;12,43;137.921.364,67;21,00;Ativa;1.384.760,00
TSNC11;72,70;7,361195;10,13;79,70;0,91;24,82;12,53;-38,46;;86.611.247,49;99,00;Ativa;1.086.780,00
TSNM11;0,00;;0,00;63,81;;;3,50;;;118.155.565,38;8.102,00;;1.851.786,00
TVRI11;85,39;1,030000;13,91;101,35;0,84;948.535,50;3,11;2,94;11,58;1.613.512.314,92;63.030,00;Ativa;15.919.690,00
URHF11;95,00;1,300000;12,00;95,25;1,00;176,68;9,31;;;10.517.411,60;1,00;Ativa;110.417,00
URPR11;54,85;0,800000;20,35;99,44;0,55;1.125.365,68;0,97;-13,36;-6,38;1.166.791.783,33;73.754,00;Ativa;11.733.895,00
VCHG11;0,00;;0,00;63,81;;;3,50;;;118.155.565,38;8.102,00;;1.851.786,00
VCJR11;84,86;1,100000;13,02;92,71;0,92;1.176.187,36;2,19;-0,74;7,76;1.365.044.634,30;31.687,00;Ativa;14.723.970,00
VCRI11;6,82;0,085000;16,13;9,35;0,73;126.314,36;13,84;;;166.224.347,39;10.470,00;Ativa;17.773.297,00
VCRR11;57,84;0,500000;12,28;127,61;0,45;216.212,64;1,29;-4,06;3,02;255.218.435,19;3.912,00;Ativa;2.000.000,00
VCTH11;0,00;;0,00;89,91;;;1,58;;;29.334.532,56;62,00;;326.281,00
VDSV11;0,00;;0,00;960,78;;;2,63;;;36.641.402,53;84,00;Ativa;38.137,00
VERE11;421,25;3,290000;6,60;502,18;0,84;0,00;1,89;9,95;;320.313.264,00;112,00;Ativa;637.844,00
VGHF11;7,49;0,090000;14,29;8,44;0,89;2.438.228,73;2,66;-6,52;3,89;1.390.902.704,21;1,00;Ativa;164.721.683,00
VGII11;101,41;1,150000;11,92;91,77;1,11;0,00;7,10;;;47.616.218,78;3,00;Passiva;518.865,00
VGIP11;79,80;0,720000;12,83;88,75;0,90;1.057.514,82;1,45;-4,10;4,95;1.046.074.766,28;85.070,00;Ativa;11.787.247,00
VGIR11;9,24;0,120000;13,96;9,75;0,95;5.749.180,14;3,71;-4,89;11,59;1.423.918.121,46;248.586,00;Ativa;146.101.287,00
VGRI11;7,94;0,120000;22,29;10,53;0,75;603.568,41;1,52;;;368.798.857,47;12.026,00;Ativa;35.021.736,00
VIDS11;915,64;2,847092;4,90;898,38;1,02;0,00;10,09;;;84.989.327,68;199,00;Ativa;94.603,00
VIFI11;6,96;0,070000;11,28;7,97;0,87;0,00;6,91;5,09;10,28;64.507.809,24;5.521,00;Ativa;8.089.190,00
VILG11;82,02;0,670000;9,24;112,71;0,73;1.679.636,45;3,20;-2,82;1,75;1.690.328.197,72;146.948,00;Ativa;14.997.396,00
VINO11;5,13;0,050000;12,51;10,29;0,50;420.743,45;2,33;-6,99;-12,55;852.283.536,07;150.897,00;Ativa;82.826.295,00
VISC11;102,50;0,800000;9,88;124,65;0,82;3.594.649,59;7,92;3,75;9,46;3.593.464.259,57;345.960,00;Ativa;28.828.640,00
VIUR11;5,44;0,067000;14,78;8,81;0,62;514.553,64;13,49;-2,52;1,65;237.334.327,66;46.647,00;Ativa;26.946.220,00
VJFD11;155,02;0,770000;6,08;163,74;0,95;0,00;0,69;-8,30;;798.414.875,91;98,00;Ativa;4.876.129,00
VLIQ11;0,00;;0,00;63,81;;;3,50;;;118.155.565,38;8.102,00;;1.851.786,00
VLJS11;1.141,14;28,819221;0,00;807,78;1,41;;2,86;;;21.057.813,04;9,00;Passiva;26.068,00
VLOL11;98,00;1,856441;0,00;63,81;1,54;;3,50;14,56;1,00;118.155.565,38;8.102,00;;1.851.786,00
VOTS11;74,61;0,610000;11,58;94,60;0,79;2.080,45;14,11;-11,58;8,80;78.321.826,81;631,00;Ativa;827.913,00
VPPR11;13,11;0,070000;4,81;39,82;0,33;306.570,18;9,47;-42,64;-35,31;291.355.856,56;40.224,00;Ativa;7.316.171,00
VPSI11;25,00;0,196340;11,51;35,47;0,70;0,00;0,64;4,77;;286.279.658,60;120,00;Ativa;8.071.897,00
VRTA11;83,15;0,850000;12,27;87,30;0,95;1.277.629,59;2,08;-6,70;5,38;1.361.249.999,99;114.786,00;Ativa;15.592.424,00
VRTM11;6,88;0,090000;16,06;9,31;0,74;294.836,00;5,95;;;437.503.419,01;11.795,00;Ativa;46.971.245,00
VSEC11;0,21;0,080000;0,00;63,81;0,00;;3,50;-0,62;-85,68;118.155.565,38;8.102,00;;1.851.786,00
VSHO11;69,00;0,600000;11,09;104,03;0,66;32.040,64;1,54;1,16;6,01;218.330.777,40;3.388,00;Ativa;2.098.800,00
VSLH11;2,69;0,030000;16,36;9,93;0,27;117.852,77;3,28;-27,51;-23,63;296.531.788,50;71.833,00;Ativa;29.864.091,00
VTBL11;0,00;1,544600;0,00;85,69;;;0,00;;;19.408.675,43;11,00;Ativa;226.505,00
VTLT11;86,89;0,970000;12,98;104,87;0,83;55.515,27;3,63;3,72;9,70;221.797.370,67;5.886,00;Ativa;2.115.000,00
VTPA11;0,00;;0,00;99,64;;;0,12;;;65.749.758,62;1,00;Ativa;659.857,00
VTPL11;72,10;5,110000;0,00;100,76;0,72;0,00;1,66;;;139.680.292,81;124,00;Ativa;1.386.242,00
VTRT11;0,00;0,107508;0,00;63,81;;;3,50;;;118.155.565,38;8.102,00;;1.851.786,00
VTVI11;0,00;;0,00;30,53;;;1,81;;;54.380.129,28;1,00;Ativa;1.780.984,00
VTXI11;0,00;;0,00;3,69;;;27,63;;;381.948,89;2,00;Ativa;103.500,00
VVCO11;13,92;0,323281;0,00;14,47;0,96;1.723.611,45;0,77;;31,94;143.267.437,61;2.814,00;Ativa;9.900.000,00
VVCR11;10,13;0,110000;10,96;10,39;0,98;6.841,23;2,31;-42,63;10,74;77.976.201,07;2.270,00;Ativa;7.508.332,00
VVMR11;79,60;0,130000;9,52;110,67;0,72;316.519,86;0,24;-0,51;6,11;312.454.335,77;673,00;Ativa;2.823.180,00
VVPR11;101,50;0,892340;0,00;63,81;1,59;;3,50;;3,18;118.155.565,38;8.102,00;;1.851.786,00
VVRI11;84,82;0,491770;10,72;95,30;0,89;103.012,68;0,63;;;76.493.456,88;174,00;Ativa;802.683,00
VXXV11;700,00;93,020000;26,58;690,09;1,01;63.930,45;1,12;;7,98;190.773.006,24;14,00;Ativa;276.446,00
WHGR11;8,45;0,100000;14,14;9,46;0,89;180.831,55;2,24;;;292.371.857,35;13.530,00;Ativa;30.912.378,00
WPLZ11;50,79;0,320000;8,15;66,72;0,76;3.072,95;6,23;-9,03;-3,78;76.967.519,20;1.631,00;Passiva;1.153.549,00
WSEC11;6,43;0,086200;17,69;10,27;0,63;7.014,27;24,10;;;25.235.325,88;549,00;Ativa;2.456.510,00
WTSP11;57,00;0,050000;23,77;84,15;0,68;4.764,60;0,36;51,17;11,03;104.227.460,45;217,00;Ativa;1.238.572,00
XBXO11;0,00;;0,00;9,00;;;0,00;;;27.387.382,14;5,00;Ativa;3.042.600,00
XPCI11;79,36;0,850000;12,85;87,53;0,91;1.165.683,27;0,63;-3,10;6,05;761.623.126,37;68.302,00;Ativa;8.701.551,00
XPCM11;7,10;0,020000;0,00;26,90;0,26;10.531,14;2,86;-34,84;-21,05;64.950.436,94;18.383,00;Passiva;2.414.570,00
XPIN11;68,55;0,740000;12,08;103,71;0,66;242.141,36;2,92;2,94;3,64;741.554.183,50;44.611,00;Ativa;7.150.422,00
XPLG11;97,67;0,820000;9,71;106,77;0,91;2.701.865,59;6,38;3,06;8,92;3.328.715.642,17;341.920,00;Ativa;31.175.931,00
XPML11;104,72;0,920000;10,54;117,33;0,89;10.168.930,82;4,63;7,05;12,10;6.655.274.656,01;588.620,00;Ativa;56.720.787,00
XPRE11;0,00;;0,00;;;;;;;;;;0,00
XPSF11;5,94;0,060000;13,91;7,49;0,79;604.825,27;0,64;-2,35;3,87;324.337.448,82;62.683,00;Ativa;43.302.140,00
YEES11;102,05;;0,00;86,79;1,18;0,00;27,61;;;14.314.146,31;130,00;Ativa;164.927,00
YUFI11;59,50;0,154813;4,66;106,14;0,56;0,00;0,71;;;52.291.233,19;56,00;Ativa;492.650,00
ZAGH11;10,40;0,070000;7,87;9,10;1,14;5.028,95;3,49;;;80.888.876,47;408,00;;8.891.662,00
ZAVC11;9,27;0,130000;14,35;9,97;0,93;14.727,82;22,46;;;30.880.981,49;195,00;Ativa;3.097.348,00
ZAVI11;92,01;1,050000;14,59;130,99;0,70;124.376,73;5,68;;;153.693.067,63;3.332,00;Ativa;1.173.322,00
ZIFI11;595,42;3,304958;0,00;1.773,23;0,34;899,95;0,00;;-18,42;84.201.982,63;94,00;Ativa;47.485,00
